省份,类别,2020—2024均值_地区生产总值（亿元）,2020—2024均值_人均可支配收入_地区总计（元）,2020—2024均值_人均可支配收入_城镇居民（元）,2020—2024均值_人均可支配收入_农村居民（元）,2020—2024均值_人均消费支出_地区总计（元）,2020—2024均值_人均消费支出_城镇居民（元）,2020—2024均值_人均消费支出_农村居民（元）,2020—2024均值_地区居民消费价格指数_总指数（上年=100）,2020—2024均值_地区居民消费价格指数_城市（上年=100）,2020—2024均值_地区居民消费价格指数_食品（上年=100）,2020—2024均值_地区居民消费价格指数_粮食（上年=100）,经济规模得分,居民收入得分,消费支出得分,价格变化得分,PCA1,PCA2
上海,1,45714.200000,80613.800000,85094.400000,40358.600000,48538.000000,50828.800000,27966.400000,101.140000,101.140000,101.600000,100.300000,0.566127,2.758760,2.643280,-0.557001,3.497610,-1.563261
北京,1,42426.720000,77803.600000,84451.400000,35079.400000,44512.000000,47646.000000,24371.600000,101.020000,101.020000,101.160000,100.280000,0.487262,2.533038,2.219672,-1.346863,2.954894,-2.134595
广东,1,128538.340000,46777.520000,56590.380000,23583.680000,32479.800000,37491.260000,20642.060000,101.200000,101.300000,102.540000,101.180000,1.658607,0.847826,1.170791,0.952555,2.169165,0.942062
江苏,1,121503.920000,49767.800000,60081.400000,28475.400000,32672.200000,37578.800000,22550.600000,101.440000,101.400000,103.160000,101.040000,1.599133,1.244333,1.314342,1.982436,2.607052,1.692766
浙江,1,77894.860000,60216.600000,71140.400000,37567.800000,38847.000000,44273.400000,27592.800000,101.320000,101.260000,102.500000,101.220000,1.129319,2.064486,2.109543,1.125407,3.249400,0.398658
云南,2,28365.720000,26850.200000,41889.600000,15199.400000,19573.800000,27268.600000,13625.000000,101.180000,101.160000,102.480000,101.220000,0.061820,-0.787527,-0.625281,0.598588,-0.750751,0.881291
内蒙古,2,22550.900000,35946.600000,46317.800000,19661.800000,23977.600000,28668.000000,16602.000000,101.080000,100.980000,101.480000,101.460000,-0.180603,0.015602,0.011681,-0.472400,-0.134806,-0.483287
吉林,2,13226.060000,28522.200000,36234.600000,18403.800000,19870.000000,24665.200000,13565.000000,100.980000,100.900000,101.900000,101.040000,-0.744466,-0.706994,-0.780102,-0.831289,-1.382327,-0.639013
四川,2,56805.940000,30624.000000,43098.600000,18691.400000,22406.200000,27979.000000,17075.000000,101.100000,101.060000,102.160000,101.220000,0.795685,-0.338890,-0.073151,0.020830,0.139722,0.395852
天津,2,16117.380000,49026.200000,53041.600000,29246.000000,32738.200000,35336.200000,19949.000000,101.160000,101.160000,101.700000,101.260000,-0.535539,1.067382,1.031114,0.106391,1.035229,-0.585741
宁夏,2,4893.380000,29639.400000,40209.800000,16488.600000,20232.000000,25504.600000,13671.200000,101.060000,101.080000,101.600000,101.940000,-1.795192,-0.638915,-0.689669,0.026809,-1.680188,-0.287281
安徽,2,44582.040000,32685.400000,44913.800000,19643.600000,22386.600000,26646.600000,17845.200000,101.260000,101.260000,102.360000,100.920000,0.539626,-0.140060,-0.089704,0.749270,0.223267,0.898892
山东,2,86776.960000,37623.600000,49095.000000,22138.000000,23267.800000,29407.200000,14994.800000,101.200000,101.140000,102.800000,102.000000,1.243427,0.304425,-0.136252,1.213066,0.867178,1.446283
山西,2,23496.560000,29036.540000,39224.160000,16385.400000,18261.340000,22966.580000,12420.220000,101.200000,101.200000,102.060000,101.300000,-0.137193,-0.708271,-1.138265,0.516309,-1.127644,0.830446
广西,2,25873.580000,27981.800000,39684.640000,17444.180000,18737.400000,23282.100000,14642.820000,101.120000,101.020000,101.840000,100.840000,-0.035357,-0.653943,-0.836759,-0.418236,-0.985107,-0.032497
新疆,2,17563.000000,27365.800000,38857.600000,16711.200000,18895.800000,25440.000000,12830.200000,100.980000,101.020000,100.420000,101.560000,-0.444769,-0.764912,-0.875708,-1.189879,-1.379076,-0.814337
江西,2,30645.240000,32259.000000,43401.000000,19926.400000,21611.600000,25900.000000,16867.800000,101.260000,101.260000,102.400000,101.200000,0.143502,-0.190182,-0.266098,0.924321,-0.084813,0.965906
河北,2,41973.980000,30990.800000,41519.080000,19344.000000,21210.800000,25929.280000,15992.440000,101.140000,101.060000,102.360000,101.320000,0.475924,-0.340798,-0.367666,0.282018,-0.163529,0.578002
河南,2,58654.660000,28265.600000,38518.000000,18744.200000,19304.000000,23887.800000,15050.200000,101.060000,100.940000,102.220000,101.680000,0.829529,-0.599610,-0.715018,-0.035418,-0.405288,0.562741
海南,2,6889.360000,31467.800000,40879.140000,19265.160000,22474.800000,27595.980000,15828.260000,100.900000,100.840000,101.940000,100.180000,-1.433686,-0.352809,-0.205548,-1.570912,-1.248226,-1.740101
湖北,2,52330.800000,32743.400000,42317.400000,19629.400000,24582.800000,28897.000000,18671.600000,101.120000,101.140000,102.080000,100.900000,0.708973,-0.231310,0.232223,0.012574,0.350057,0.265477
湖南,2,47611.720000,33796.600000,46870.200000,19510.200000,24020.200000,29666.000000,17856.200000,101.060000,101.040000,101.780000,101.360000,0.609105,-0.044870,0.179837,-0.261839,0.344668,-0.045915
甘肃,2,11038.660000,23459.420000,37851.300000,12235.660000,17992.380000,26127.120000,11660.980000,101.140000,101.180000,101.840000,102.320000,-0.935510,-1.365700,-1.036388,0.761146,-1.816241,0.913996
福建,2,51411.180000,42852.480000,53406.780000,24868.660000,29870.560000,35540.900000,20204.180000,100.940000,100.980000,102.040000,100.380000,0.690238,0.725535,0.943106,-1.020123,1.218263,-1.043069
西藏,2,2258.140000,26742.000000,48751.200000,18248.200000,16131.200000,28300.200000,11447.400000,100.900000,101.020000,101.080000,101.000000,-2.612415,-0.329767,-1.069708,-1.267005,-2.299935,-1.701762
贵州,2,20181.960000,25391.600000,40744.620000,13775.660000,18360.400000,25271.000000,13121.920000,100.820000,100.760000,101.820000,100.480000,-0.297887,-1.015372,-0.889799,-1.824053,-1.553041,-1.252799
辽宁,2,28845.820000,36355.000000,44261.600000,20160.400000,23587.000000,27876.000000,14805.000000,101.160000,101.120000,102.220000,101.220000,0.079556,-0.011028,-0.227126,0.313873,-0.066007,0.354480
重庆,2,28806.760000,35520.200000,45246.000000,19363.000000,25122.600000,30155.800000,16769.000000,100.920000,100.920000,101.560000,99.540000,0.078124,-0.053122,0.170366,-1.932589,-0.149394,-1.690771
陕西,2,31659.780000,30188.600000,42509.200000,15791.200000,20367.600000,25652.400000,14201.200000,101.260000,101.280000,102.240000,102.060000,0.177920,-0.585742,-0.614696,1.333670,-0.466945,1.512469
青海,2,3553.620000,27132.000000,38917.200000,14546.200000,19219.200000,24462.800000,13632.200000,101.460000,101.400000,101.540000,101.520000,-2.133261,-0.944500,-0.828830,1.307458,-1.942143,0.826332
黑龙江,2,15336.780000,28274.000000,34901.400000,18670.600000,20724.600000,24467.400000,15299.000000,101.180000,101.140000,102.120000,101.520000,-0.588000,-0.757064,-0.560188,0.500888,-1.021045,0.548775
