year,data_type,grain_home_kg_per_capita,feed_home_kg_per_capita,grain_away_ratio_pct,feed_away_ratio_pct,grain_with_away_kg_per_capita,feed_with_away_kg_per_capita,food_feed_share_three_method_mean_pct,total_grain_kg_per_capita,population_mid_10000_persons,total_grain_mid_10000_tons,population_high_10000_persons,total_grain_high_10000_tons,population_low_10000_persons,total_grain_low_10000_tons
2024,historical,124.4,172.66,14.54,25.92,145.5651766908495202433887198689445,233.0723542116630669546436285097192,74.80173333333335,506.1881777728579856883923183183804,140828.00,71285.46869939604440852491340414087,140828.00,71285.46869939604440852491340414087,140828.00,71285.46869939604440852491340414087
2025,new_platform_forecast,122.48300505126923,175.77897242383602,14.79,26.74,143.7425244117700152564253021945781,239.9385372970734643734643734643735,74.76423333333334,513.1879838829040518269530173724087,140596,72152.17778200077807066228643049117,140596,72152.17778200077807066228643049117,140596,72152.17778200077807066228643049117
2026,new_platform_forecast,119.1963173130192,180.03707646085513,15.04,27.55,140.2969836546836158192090395480226,248.4983802082196411318150448585231,74.74026666666667,520.1953126510607931260351350604216,140364,73016.69486495349716634279569762102,140383,73026.57857589386732141219036518717,140315,72991.20529463359518747961997600306
2027,new_platform_forecast,115.51006208366107,184.41637235689345,15.28,28.06,136.3433216284951251180358829084042,256.3474733901771615234917987211565,74.7286,525.4892972953759158361426303042753,140177,73661.5132269739097541629654881624,140234,73691.46611691974618136562561808974,140033,73585.84276816337562228256094939858
2028,new_platform_forecast,112.15142414126832,188.95700059649747,15.53,28.55,132.7707163978552385462294305670652,264.4604626962875717284814555633310,74.7282,531.5679744649848521370926720172521,139931,74382.8382348597953443955146880461,140042,74441.84228002540866298273197464002,139649,74232.93606606066961609285455453724
2029,new_platform_forecast,109.40513959696297,193.8317817682192,15.77,29.05,129.8885665403810637540068859076339,273.1949003075675828047921071176885,74.74236666666667,539.2971681584633997169299175833908,139629,75301.52429279808603907520746225127,139811,75399.67637740292637782368870725145,139167,75052.36900110887594840598584032775
2030,new_platform_forecast,106.96586250857166,198.49073744166037,16.01,29.55,127.3554738761419930944160019049887,281.7469658504760397444996451383960,74.762,547.2063879064471694696712862729524,139275,76212.16967567042952788846839566545,139544,76359.36819401726381647580997167287,138592,75838.42771273032611114068290714102
2031,new_platform_forecast,104.66437632725555,203.2498674840485,16.25,30.04,124.9723896444842388059701492537313,290.5229666724535448827901658090337,74.79246666666666,555.5310244930253502235456172472651,138872,77147.7044333954164362442269583622,139244,77354.36197450682186652738592797818,137928,76623.28314627400050563319989568078
2032,new_platform_forecast,102.40668186253104,207.02641459390279,16.49,30.53,122.6280467758723985151478864806610,298.0083699350839067223261839643011,74.8159,562.2286395150714022520267355534881,138426,77827.06165351327392813905289572714,138918,78103.67814415468905804705004961946,137178,77125.40031139846481812852352975639
2033,new_platform_forecast,100.71568862873842,210.3782484176024,16.72,31.02,120.9362255388309558117195004803074,304.9844134786929544795592925485648,74.84933333333333,569.0373181023976111021109915592113,137942,78494.14573368093127064739439766073,138554,78842.39657235959860864188632449496,136389,77610.43077866790778060581602776927
2034,new_platform_forecast,99.76365954615054,213.42177914682657,16.96,31.51,120.1392817270598988439306358381503,311.6101316204213315812527376259308,74.90136666666666,576.4239459994026840455244565064812,137422,79213.33150712991564690406186203366,138155,79635.85025954747781430943128865291,135562,78141.1829675710266545793863729316
2035,new_platform_forecast,99.04597188680629,210.42177914682657,17.19,32.00,119.6062937891634947470112305277140,309.44379286298025,74.9756,572.2529551642717694116635685845982,136869,78323.68972037871280760498096860537,137725,78813.53824999932944222136498331379,134698,77081.32855471707879621225936120821
